State,LGA,Ward,PU-Code,PU-Name,Accredited_Voters,Registered_Voters,Results_Found,Transcription_Count,Result_Sheet_Stamped,Result_Sheet_Corrected,Result_Sheet_Invalid,Result_Sheet_Unclear,Result_Sheet_Unsigned,APC,LP,PDP,NNPP,Results_File
OYO,IBADAN NORTH EAST,WARD VI E5B,30-07-06-003,"OPEN SPACE BESIDE CHIEF AKINADE'S HOUSE, OJE I",0,0,0,0,1,0,1,1,0,0,0,0,0,
OYO,IBARAPA CENTRAL,IDERE I (MOLETE),30-11-01-003,TOWN HALL III,0,0,0,0,1,0,1,1,0,0,0,0,0,
OYO,IBARAPA CENTRAL,IDERE II (OMINIGBO/OKE - OBA),30-11-02-002,KAJOLA MARKET AREA II,0,0,0,0,1,0,1,1,0,0,0,0,0,
OYO,IBARAPA CENTRAL,IDERE II (OMINIGBO/OKE - OBA),30-11-02-003,KAJOLA MARKET AREA III,0,0,0,0,1,0,1,1,0,0,0,0,0,
OYO,IBARAPA CENTRAL,IDERE II (OMINIGBO/OKE - OBA),30-11-02-004,OBA MARKET AREA I,0,0,0,0,1,0,1,1,0,0,0,0,0,
OYO,IBARAPA CENTRAL,IDERE II (OMINIGBO/OKE - OBA),30-11-02-006,OBA MARKET AREA III,0,0,0,0,1,0,1,1,0,0,0,0,0,
OYO,IBARAPA CENTRAL,IGBOLE/PAKO,30-11-07-001,"A.U.D. SCHOOL, ITA OTOOPO I",0,0,0,0,1,0,1,1,0,0,0,0,0,
OYO,IBARAPA CENTRAL,IGBOLE/PAKO,30-11-07-002,"A.U.D. SCHOOL, ITA OTOOPO II",0,0,0,0,1,0,1,1,0,0,0,0,0,
OYO,IBARAPA CENTRAL,IGBOLE/PAKO,30-11-07-004,"A.U.D. SCHOOL, ITA OTOOPO IV",0,0,0,0,1,0,1,1,0,0,0,0,0,
OYO,IBARAPA CENTRAL,IGBOLE/PAKO,30-11-07-005,"A.U.D. SCHOOL, ITA LADOKE I",0,0,0,0,1,0,1,1,0,0,0,0,0,
OYO,IBARAPA CENTRAL,IGBOLE/PAKO,30-11-07-007,"A.U.D. SCHOOL, ITA LADOKE III",0,0,0,0,1,0,1,1,0,0,0,0,0,
OYO,IBARAPA CENTRAL,IGBOLE/PAKO,30-11-07-009,"BAPTIST SCHOOL II, PAKO (ABESIN)",0,0,0,0,1,0,1,1,0,0,0,0,0,
OYO,IBARAPA CENTRAL,IGBOLE/PAKO,30-11-07-010,"LAPAMPA COMPOUND, ODOFIN LAONA",0,0,0,0,1,0,1,1,0,0,0,0,0,
OYO,IBARAPA CENTRAL,IGBOLE/PAKO,30-11-07-011,LAPAMPA COMPOUND,0,0,0,0,1,0,1,1,0,0,0,0,0,
OYO,IBARAPA CENTRAL,IGBOLE/PAKO,30-11-07-012,KUMOLU (ELERANKAJU) I,0,0,0,0,1,0,1,1,0,0,0,0,0,
OYO,IBARAPA CENTRAL,IGBOLE/PAKO,30-11-07-013,KUMOLU (ELERANKAJU) II,0,0,0,0,1,0,1,1,0,0,0,0,0,
OYO,IBARAPA CENTRAL,IGBOLE/PAKO,30-11-07-014,KUMOLU GREAT MOTHER I,0,0,0,0,1,0,1,1,0,0,0,0,0,
OYO,IBARAPA CENTRAL,IGBOLE/PAKO,30-11-07-015,KUMOLU GREAT MOTHER II,0,0,0,0,1,0,1,1,0,0,0,0,0,
OYO,IBARAPA CENTRAL,IGBOLE/PAKO,30-11-07-016,PAKO MARKET I,0,0,0,0,1,0,1,1,0,0,0,0,0,
OYO,IBARAPA CENTRAL,IGBOLE/PAKO,30-11-07-017,PAKO MARKET II,0,0,0,0,1,0,1,1,0,0,0,0,0,
OYO,IBARAPA CENTRAL,IGBOLE/PAKO,30-11-07-019,"KASALI ONILU, AKONIKORO",0,0,0,0,1,0,1,1,0,0,0,0,0,
OYO,IBARAPA CENTRAL,IGBOLE/PAKO,30-11-07-021,"AFRICAN CHURCH SCHOOL, OGUNBI",0,0,0,0,1,0,1,1,0,0,0,0,0,
OYO,IBARAPA CENTRAL,ISALE-OBA,30-11-08-005,"JAGODE COMPOUND, METHODIST MISSION II",0,0,0,0,1,0,1,1,0,0,0,0,0,
OYO,IBARAPA CENTRAL,ISALE-OBA,30-11-08-014,"BAARO MARKET, ELEWI ODO",0,0,0,0,1,0,1,1,0,0,0,0,0,
OYO,IBARAPA CENTRAL,ISALE-OBA,30-11-08-018,ONILE VILLAGE,0,0,0,0,1,0,1,1,0,0,0,0,0,
OYO,IBARAPA CENTRAL,OKESERIN I & II,30-11-09-002,OBATADE VILLAGE (ABUKELE),0,0,0,0,1,0,1,1,0,0,0,0,0,
OYO,IBARAPA CENTRAL,OKESERIN I & II,30-11-09-005,"OLUPIRA COMPOUND, (AKOGUN)",0,0,0,0,1,0,1,1,0,0,0,0,0,
OYO,IBARAPA CENTRAL,OKESERIN I & II,30-11-09-011,AJEGUNLE MARKET (ALAGBAA TEJUMADE),0,0,0,0,1,0,1,1,0,0,0,0,0,
OYO,IBARAPA CENTRAL,OKESERIN I & II,30-11-09-014,C.A.C. ONILADO (ARIGBEYO) I,0,0,0,0,1,0,1,1,0,0,0,0,0,
OYO,IBARAPA CENTRAL,OKE-ODO,30-11-10-008,AGBEDE ITA OLUKOTUN II,0,0,0,0,1,0,1,1,0,0,0,0,0,
OYO,IBARAPA CENTRAL,OKE-ODO,30-11-10-009,ITA ELESIN,0,0,0,0,1,0,1,1,0,0,0,0,0,
OYO,IBARAPA CENTRAL,OKE-ODO,30-11-10-010,DUDU/ARUNLE,0,0,0,0,1,0,1,1,0,0,0,0,0,
OYO,IBARAPA NORTH,AYETE II,30-13-02-010,MOTOR PARK III,0,0,0,0,1,0,1,1,0,0,0,0,0,
OYO,IBARAPA NORTH,IGANGAN II,30-13-04-001,TOWOBOWO MARKET,0,0,0,0,1,0,1,1,0,0,0,0,0,
OYO,IBARAPA NORTH,IGANGAN II,30-13-04-008,BAPTIST SCHOOL II (B) ISALE AKAO,0,0,0,0,1,0,1,1,0,0,0,0,0,
OYO,IBARAPA NORTH,IGANGAN II,30-13-04-011,OLOKUTA COMPOUND AREA MOSQUE,0,0,0,0,1,0,1,1,0,0,0,0,0,
OYO,IBARAPA NORTH,IGANGAN III,30-13-05-002,KOLEYE QUARTERS,0,0,0,0,1,0,1,1,0,0,0,0,0,
OYO,IBARAPA NORTH,IGANGAN III,30-13-05-003,OLORI ODE QUARTERS,0,0,0,0,1,0,1,1,0,0,0,0,0,
OYO,IBARAPA NORTH,IGANGAN III,30-13-05-004,R.C.M. I (A),0,0,0,0,1,0,1,1,0,0,0,0,0,
OYO,IBARAPA NORTH,IGANGAN III,30-13-05-006,OKE OLA MARKET I,0,0,0,0,1,0,1,1,0,0,0,0,0,
OYO,IBARAPA NORTH,IGANGAN III,30-13-05-007,OKE OLA MARKET II,0,0,0,0,1,0,1,1,0,0,0,0,0,
OYO,IBARAPA NORTH,IGANGAN III,30-13-05-009,BALOGUN COMPOUND AREA I,0,0,0,0,1,0,1,1,0,0,0,0,0,
OYO,IBARAPA NORTH,IGANGAN III,30-13-05-013,OKE OLA MARKET III,0,0,0,0,1,0,1,1,0,0,0,0,0,
OYO,IBARAPA NORTH,IGANGAN III,30-13-05-015,AROMAYE COMPOUND I,0,0,0,0,1,0,1,1,0,0,0,0,0,
OYO,IBARAPA NORTH,IGANGAN III,30-13-05-017,AROMAYE COMPOUND III,0,0,0,0,1,0,1,1,0,0,0,0,0,
OYO,IBARAPA NORTH,IGANGAN III,30-13-05-020,ELETI ASAOKU COMPOUND AREA II,0,0,0,0,1,0,1,1,0,0,0,0,0,
OYO,IBARAPA NORTH,OFIKI I,30-13-07-003,OYEE VILLAGE I,0,0,0,0,1,0,1,1,0,0,0,0,0,
OYO,IBARAPA NORTH,OFIKI I,30-13-07-004,OYEE VILLAGE II,0,0,0,0,1,0,1,1,0,0,0,0,0,
OYO,IBARAPA NORTH,OFIKI I,30-13-07-006,OBAPE VILLAGE I,0,0,0,0,1,0,1,1,0,0,0,0,0,
OYO,IBARAPA NORTH,OFIKI I,30-13-07-007,OBAPE VILLAGE II,0,0,0,0,1,0,1,1,0,0,0,0,0,
OYO,IBARAPA NORTH,OFIKI I,30-13-07-008,OKEBI VILLAGE,0,0,0,0,1,0,1,1,0,0,0,0,0,
OYO,IBARAPA NORTH,OFIKI I,30-13-07-009,ALABI VILLAGE I,0,0,0,0,1,0,1,1,0,0,0,0,0,
OYO,IBARAPA NORTH,OFIKI I,30-13-07-010,ALABI VILLAGE II,0,0,0,0,1,0,1,1,0,0,0,0,0,
OYO,IBARAPA NORTH,OFIKI I,30-13-07-011,ALABI VILLAGE III,0,0,0,0,1,0,1,1,0,0,0,0,0,
OYO,IBARAPA NORTH,OFIKI I,30-13-07-012,ALAGBAA MARKET I,0,0,0,0,1,0,1,1,0,0,0,0,0,
OYO,IBARAPA NORTH,OFIKI I,30-13-07-013,ALAGBAA MARKET II,0,0,0,0,1,0,1,1,0,0,0,0,0,
OYO,IBARAPA NORTH,OFIKI I,30-13-07-014,GBANGBANGERE I,0,0,0,0,1,0,1,1,0,0,0,0,0,
OYO,IBARAPA NORTH,OFIKI I,30-13-07-015,GBANGBANGERE II,0,0,0,0,1,0,1,1,0,0,0,0,0,
OYO,IBARAPA NORTH,OFIKI I,30-13-07-017,SANGODARE VILLAGE II,0,0,0,0,1,0,1,1,0,0,0,0,0,
OYO,IBARAPA NORTH,OFIKI I,30-13-07-019,KONKO VILLAGE II,0,0,0,0,1,0,1,1,0,0,0,0,0,
OYO,IBARAPA NORTH,OFIKI I,30-13-07-020,OPOMU VILLAGE,0,0,0,0,1,0,1,1,0,0,0,0,0,
OYO,IBARAPA NORTH,OFIKI I,30-13-07-021,SANGOTE VILLAGE,0,0,0,0,1,0,1,1,0,0,0,0,0,
OYO,IBARAPA NORTH,OFIKI II,30-13-08-011,ABULE ELEDE,0,0,0,0,1,0,1,1,0,0,0,0,0,
OYO,IBARAPA NORTH,TAPA I,30-13-09-001,MAGBAGBE'S SHOP FRONTAGE I,0,0,0,0,1,0,1,1,0,0,0,0,0,
OYO,IBARAPA NORTH,TAPA I,30-13-09-002,MAGBAGBE'S SHOP FRONTAGE II,0,0,0,0,1,0,1,1,0,0,0,0,0,
OYO,IBARAPA NORTH,TAPA I,30-13-09-003,MAGBAGBE'S SHOP FRONTAGE III,0,0,0,0,1,0,1,1,0,0,0,0,0,
OYO,IBARAPA NORTH,TAPA I,30-13-09-004,MAGBAGBE'S SHOP FRONTAGE IV,0,0,0,0,1,0,1,1,0,0,0,0,0,
OYO,IBARAPA NORTH,TAPA I,30-13-09-005,COMMUNITY HALL I,0,0,0,0,1,0,1,1,0,0,0,0,0,
OYO,IBARAPA NORTH,TAPA I,30-13-09-007,COMMUNITY HALL III,0,0,0,0,1,0,1,1,0,0,0,0,0,
OYO,IBARAPA NORTH,TAPA I,30-13-09-008,COMMUNITY HALL IV,0,0,0,0,1,0,1,1,0,0,0,0,0,
OYO,IBARAPA NORTH,TAPA I,30-13-09-009,COMMUNITY HALL V,0,0,0,0,1,0,1,1,0,0,0,0,0,
OYO,IBARAPA NORTH,TAPA I,30-13-09-010,BAALE IKOGBA I,0,0,0,0,1,0,1,1,0,0,0,0,0,
OYO,IBARAPA NORTH,TAPA I,30-13-09-011,BAALE IKOGBA II,0,0,0,0,1,0,1,1,0,0,0,0,0,
OYO,IBARAPA NORTH,TAPA I,30-13-09-012,BAALE IKOGBA III,0,0,0,0,1,0,1,1,0,0,0,0,0,
OYO,IBARAPA NORTH,TAPA I,30-13-09-013,BAALE IKOGBA IV,0,0,0,0,1,0,1,1,0,0,0,0,0,
OYO,IBARAPA NORTH,TAPA I,30-13-09-014,BAALE ANA I,0,0,0,0,1,0,1,1,0,0,0,0,0,
OYO,IBARAPA NORTH,TAPA I,30-13-09-016,BAALE ANA III,0,0,0,0,1,0,1,1,0,0,0,0,0,
OYO,IBARAPA NORTH,TAPA I,30-13-09-017,BAALE ANA IV,0,0,0,0,1,0,1,1,0,0,0,0,0,
OYO,IDO,BATAKE/IDI-IYA,30-14-05-003,"OPEN SPACE, BATAKE",0,0,0,0,1,0,1,1,0,0,0,0,0,
OYO,IDO,BATAKE/IDI-IYA,30-14-05-006,"OPEN SPACE, ABULE AYO",0,0,0,0,1,0,1,1,0,0,0,0,0,
OYO,ISEYIN,ADO-AWAYE,30-16-01-009,"A.U.D. SCHOOL, OKE-ARO I",0,0,0,0,1,0,1,1,0,0,0,0,0,
OYO,ISEYIN,EKUNLE I,30-16-03-016,AJEPERO,0,0,0,0,1,0,1,1,0,0,0,0,0,
OYO,ISEYIN,EKUNLE I,30-16-03-017,ABA OLODO,0,0,0,0,1,0,1,1,0,0,0,0,0,
OYO,ISEYIN,EKUNLE II,30-16-04-006,ITA OBELE II,0,0,0,0,1,0,1,1,0,0,0,0,0,
OYO,ISEYIN,EKUNLE II,30-16-04-014,"L.A. SCHOOL, APENPE",0,0,0,0,1,0,1,1,0,0,0,0,0,
OYO,IWAJOWA,IWERE-ILE IV,30-18-06-010,R.C.M. WASINMI I,0,0,0,0,1,0,1,1,0,0,0,0,0,
OYO,IWAJOWA,SABI GANA III,30-18-09-012,"OKUTA APA, IGANNA",0,0,0,0,1,0,1,1,0,0,0,0,0,
OYO,OGBOMOSO NORTH,AGUODO/ MASIFA,30-21-03-001,OJUDE ADEKEYE,0,0,0,0,1,0,1,1,0,0,0,0,0,
OYO,OGBOMOSO SOUTH,AKATA,30-22-01-004,ODE ONIYO II,0,0,0,0,1,0,1,1,0,0,0,0,0,
OYO,OGBOMOSO SOUTH,AKATA,30-22-01-005,ODE DAODU I,0,0,0,0,1,0,1,1,0,0,0,0,0,
OYO,OGBOMOSO SOUTH,AKATA,30-22-01-008,AYEGUN PRIMARY SCHOOL II,0,0,0,0,1,0,1,1,0,0,0,0,0,
OYO,OGBOMOSO SOUTH,AKATA,30-22-01-009,ODE ONIDEURE I,0,0,0,0,1,0,1,1,0,0,0,0,0,
OYO,OGBOMOSO SOUTH,AKATA,30-22-01-011,ODE ONIDEURE III,0,0,0,0,1,0,1,1,0,0,0,0,0,
OYO,OGBOMOSO SOUTH,AKATA,30-22-01-015,ODE MOINMOIN II,0,0,0,0,1,0,1,1,0,0,0,0,0,
OYO,OGBOMOSO SOUTH,AKATA,30-22-01-017,ODE AJIBADE II,0,0,0,0,1,0,1,1,0,0,0,0,0,
OYO,OGBOMOSO SOUTH,AKATA,30-22-01-018,ODE ALARO,0,0,0,0,1,0,1,1,0,0,0,0,0,
OYO,OGBOMOSO SOUTH,IBAPON,30-22-04-017,BAPTIST GRAMMAR SCHOOL II,0,0,0,0,1,0,1,1,0,0,0,0,0,
OYO,OGBOMOSO SOUTH,IBAPON,30-22-04-018,BAPTIST GRAMMAR SCHOOL III,0,0,0,0,1,0,1,1,0,0,0,0,0,
OYO,OGBOMOSO SOUTH,IBAPON,30-22-04-019,BAPTIST GRAMMAR SCHOOL IV,0,0,0,0,1,0,1,1,0,0,0,0,0,
OYO,OGBOMOSO SOUTH,IBAPON,30-22-04-020,BAPTIST GRAMMAR SCHOOL V,0,0,0,0,1,0,1,1,0,0,0,0,0,
OYO,OGBOMOSO SOUTH,IBAPON,30-22-04-021,ILE AJO ABEPE,0,0,0,0,1,0,1,1,0,0,0,0,0,
OYO,OGBOMOSO SOUTH,IJERU II,30-22-06-012,ODE OLOKOO,0,0,0,0,1,0,1,1,0,0,0,0,0,
OYO,OLUYOLE,AYEGUN,30-25-01-005,OBA-ADO,0,0,0,0,1,0,1,1,0,0,0,0,0,
OYO,OLUYOLE,AYEGUN,30-25-01-007,OKESE OLGS,0,0,0,0,1,0,1,1,0,0,0,0,0,
OYO,OLUYOLE,AYEGUN,30-25-01-009,LAWANDE,0,0,0,0,1,0,1,1,0,0,0,0,0,
OYO,OLUYOLE,IDI-IROKO/IKEREKU,30-25-02-001,ABBEY TECHNICAL,0,0,0,0,1,0,1,1,0,0,0,0,0,
OYO,OLUYOLE,IDI-IROKO/IKEREKU,30-25-02-002,ASIPA,0,0,0,0,1,0,1,1,0,0,0,0,0,
OYO,OLUYOLE,IDI-IROKO/IKEREKU,30-25-02-005,OPEN SPACE GARI PROCESSING ORITA CHALLENGE,0,0,0,0,1,0,1,1,0,0,0,0,0,
OYO,OLUYOLE,IDI-IROKO/IKEREKU,30-25-02-006,REVENUE COLLECTION CENTRE ORITA CHALLENGE I,0,0,0,0,1,0,1,1,0,0,0,0,0,
OYO,OLUYOLE,IDI-IROKO/IKEREKU,30-25-02-011,OLUYOLE HIGH SCHOOL II,0,0,0,0,1,0,1,1,0,0,0,0,0,
OYO,OLUYOLE,IDI-IROKO/IKEREKU,30-25-02-014,OLUGBEMI,0,0,0,0,1,0,1,1,0,0,0,0,0,
OYO,OLUYOLE,OLOMI/OLURINDE,30-25-07-001,"IDC SCHOOL, OLURINDE I",0,0,0,0,1,0,1,1,0,0,0,0,0,
OYO,OLUYOLE,OLOMI/OLURINDE,30-25-07-004,OLOMI SCHOOL 1 B,0,0,0,0,1,0,1,1,0,0,0,0,0,
OYO,OLUYOLE,OLOMI/OLURINDE,30-25-07-005,OLOMI SCHOOL  II A,0,0,0,0,1,0,1,1,0,0,0,0,0,
OYO,OLUYOLE,OLOMI/OLURINDE,30-25-07-006,OLOMI SCHOOL  II B,0,0,0,0,1,0,1,1,0,0,0,0,0,
OYO,OLUYOLE,OLOMI/OLURINDE,30-25-07-008,"CUSTOMARY COURT, OLOMI",0,0,0,0,1,0,1,1,0,0,0,0,0,
OYO,OLUYOLE,OLOMI/OLURINDE,30-25-07-009,OPE AGBE OPEN SPACE,0,0,0,0,1,0,1,1,0,0,0,0,0,
OYO,OLUYOLE,OLOMI/OLURINDE,30-25-07-010,"MATERNITY CENTRE , OLOMI I",0,0,0,0,1,0,1,1,0,0,0,0,0,
OYO,OLUYOLE,ONIPE,30-25-09-001,"ALL SAINTS SCHOOL, ONIPE",0,0,0,0,1,0,1,1,0,0,0,0,0,
OYO,OLUYOLE,ONIPE,30-25-09-002,LONGE PRIMARY SCHOOL,0,0,0,0,1,0,1,1,0,0,0,0,0,
OYO,OLUYOLE,ONIPE,30-25-09-004,ONIGAMBARI,0,0,0,0,1,0,1,1,0,0,0,0,0,
OYO,OLUYOLE,ONIPE,30-25-09-007,OLUBI,0,0,0,0,1,0,1,1,0,0,0,0,0,
OYO,OLUYOLE,ONIPE,30-25-09-008,LAMOLO,0,0,0,0,1,0,1,1,0,0,0,0,0,
OYO,OLUYOLE,ONIPE,30-25-09-010,ABIPO,0,0,0,0,1,0,1,1,0,0,0,0,0,
OYO,OLUYOLE,ORISUNBARE/OJO-EKUN,30-25-10-001,MAKINDE OLOSE,0,0,0,0,1,0,1,1,0,0,0,0,0,
OYO,OLUYOLE,ORISUNBARE/OJO-EKUN,30-25-10-002,ARA-OJE,0,0,0,0,1,0,1,1,0,0,0,0,0,
OYO,OLUYOLE,ORISUNBARE/OJO-EKUN,30-25-10-004,ODOKUODO PRIMARY SCHOOL,0,0,0,0,1,0,1,1,0,0,0,0,0,
OYO,OLUYOLE,ORISUNBARE/OJO-EKUN,30-25-10-006,ODO-OKUN PRIMARY SCHOOL,0,0,0,0,1,0,1,1,0,0,0,0,0,
OYO,ONA-ARA,OGBERE,30-26-06-002,OBANI BASIRI,0,0,0,0,1,0,1,1,0,0,0,0,0,
OYO,ONA-ARA,OGBERE TIOYA,30-26-07-001,MOGA,0,0,0,0,1,0,1,1,0,0,0,0,0,
OYO,ONA-ARA,OGBERE TIOYA,30-26-07-002,AKILAPA BABANLA,0,0,0,0,1,0,1,1,0,0,0,0,0,
OYO,ONA-ARA,OGBERE TIOYA,30-26-07-003,GARI INDUSTRY,0,0,0,0,1,0,1,1,0,0,0,0,0,
OYO,ONA-ARA,OGBERE TIOYA,30-26-07-004,ELEKURO HIGH SCHOOL,0,0,0,0,1,0,1,1,0,0,0,0,0,
OYO,ONA-ARA,OGBERE TIOYA,30-26-07-010,ORITA-MERIN II,0,0,0,0,1,0,1,1,0,0,0,0,0,
OYO,ONA-ARA,OGBERE TIOYA,30-26-07-011,"METHODIST PRIMARY SCHOOL, GANGANSI",0,0,0,0,1,0,1,1,0,0,0,0,0,
OYO,ONA-ARA,OGBERE TIOYA,30-26-07-012,JEGEDE,0,0,0,0,1,0,1,1,0,0,0,0,0,
OYO,ONA-ARA,OLORUNSOGO,30-26-09-007,MOKORE,0,0,0,0,1,0,1,1,0,0,0,0,0,
OYO,ONA-ARA,OLORUNSOGO,30-26-09-009,OBALENDE,0,0,0,0,1,0,1,1,0,0,0,0,0,
OYO,ONA-ARA,OLORUNSOGO,30-26-09-011,DALEMO IDI OSE,0,0,0,0,1,0,1,1,0,0,0,0,0,
OYO,ONA-ARA,OLORUNSOGO,30-26-09-013,AWOTUNDE PRIMARY SCHOOL,0,0,0,0,1,0,1,1,0,0,0,0,0,
OYO,ONA-ARA,OLORUNSOGO,30-26-09-014,AKINBODE SPACE,0,0,0,0,1,0,1,1,0,0,0,0,0,
OYO,ONA-ARA,OLODE/GBEDUN/OJEBODE,30-26-10-003,ELESE ERIN,0,0,0,0,1,0,1,1,0,0,0,0,0,
OYO,ONA-ARA,OLODE/GBEDUN/OJEBODE,30-26-10-004,AKINKEMI,0,0,0,0,1,0,1,1,0,0,0,0,0,
OYO,ONA-ARA,OLODE/GBEDUN/OJEBODE,30-26-10-005,JEGEDE,0,0,0,0,1,0,1,1,0,0,0,0,0,
OYO,ONA-ARA,OLODE/GBEDUN/OJEBODE,30-26-10-006,AMOSUN,0,0,0,0,1,0,1,1,0,0,0,0,0,
OYO,ONA-ARA,OLODE/GBEDUN/OJEBODE,30-26-10-007,FAWANDE,0,0,0,0,1,0,1,1,0,0,0,0,0,
OYO,OORELOPE,AARE,30-27-02-004,AARE/IFASIPE COMPOUND II,0,0,0,0,1,0,1,1,0,0,0,0,0,
OYO,OORELOPE,IGBOPE/IYEYE I,30-27-04-004,"OKANLAWON COMPOUND, IGBOPE",0,0,0,0,1,0,1,1,0,0,0,0,0,
OYO,OORELOPE,IGBOPE/IYEYE II,30-27-05-002,"IDI IYEYE, IGBOPE",0,0,0,0,1,0,1,1,0,0,0,0,0,
OYO,OORELOPE,ONIBODE I,30-27-07-003,AYETORO JUNCTION,0,0,0,0,1,0,1,1,0,0,0,0,0,
OYO,OORELOPE,ONIBODE II,30-27-08-003,"AGO COMPOUND, MODEKE",0,0,0,0,1,0,1,1,0,0,0,0,0,
OYO,OORELOPE,ONIBODE III,30-27-09-003,"COMMUNITY PRIMARY SCHOOL, AKASA",0,0,0,0,1,0,1,1,0,0,0,0,0,
OYO,OORELOPE,ONIBODE III,30-27-09-007,"ALEGENIBI COMPOUND, MODEKE",0,0,0,0,1,0,1,1,0,0,0,0,0,
OYO,SAKI WEST,AGANMU/KOOKO,30-32-01-002,LARINRE'S HOUSE I,0,0,0,0,1,0,1,1,0,0,0,0,0,
OYO,SAKI WEST,AGANMU/KOOKO,30-32-01-006,COMMUNITY HIGH SCHOOL AYEKALE III,0,0,0,0,1,0,1,1,0,0,0,0,0,
OYO,SAKI WEST,AGANMU/KOOKO,30-32-01-009,IGBO-OLOGUN,0,0,0,0,1,0,1,1,0,0,0,0,0,
OYO,SAKI WEST,AGANMU/KOOKO,30-32-01-010,ITA BAALE AGBELE,0,0,0,0,1,0,1,1,0,0,0,0,0,
OYO,SAKI WEST,AGANMU/KOOKO,30-32-01-011,"ALADURA, ISALE-OLA",0,0,0,0,1,0,1,1,0,0,0,0,0,
OYO,SAKI WEST,AGANMU/KOOKO,30-32-01-012,KODOROKO,0,0,0,0,1,0,1,1,0,0,0,0,0,
OYO,SAKI WEST,AGANMU/KOOKO,30-32-01-016,TOWOBOLA'S HOUSE,0,0,0,0,1,0,1,1,0,0,0,0,0,
OYO,SAKI WEST,AGANMU/KOOKO,30-32-01-017,BABA AWO,0,0,0,0,1,0,1,1,0,0,0,0,0,
OYO,SAKI WEST,AJEGUNLE,30-32-02-010,FREEDOM HOTEL II,0,0,0,0,1,0,1,1,0,0,0,0,0,
OYO,SAKI WEST,AJEGUNLE,30-32-02-012,FREEDOM HOTEL IV,0,0,0,0,1,0,1,1,0,0,0,0,0,
OYO,SAKI WEST,AJEGUNLE,30-32-02-015,PA DUROJAYE'S HOUSE II,0,0,0,0,1,0,1,1,0,0,0,0,0,
OYO,SAKI WEST,AJEGUNLE,30-32-02-016,PA DUROJAYE'S HOUSE III,0,0,0,0,1,0,1,1,0,0,0,0,0,
OYO,SAKI WEST,AJEGUNLE,30-32-02-018,D.T.C. ABATA-OGUN I,0,0,0,0,1,0,1,1,0,0,0,0,0,
OYO,SAKI WEST,AJEGUNLE,30-32-02-027,WEWE AREA,0,0,0,0,1,0,1,1,0,0,0,0,0,
OYO,SAKI WEST,BAGII,30-32-03-001,"L.A. SCHOOL, ISIA I",0,0,0,0,1,0,1,1,0,0,0,0,0,
OYO,SAKI WEST,BAGII,30-32-03-002,"L.A. SCHOOL, ISIA II",0,0,0,0,1,0,1,1,0,0,0,0,0,
OYO,SAKI WEST,BAGII,30-32-03-009,AYETO JUNCTION I,0,0,0,0,1,0,1,1,0,0,0,0,0,
OYO,SAKI WEST,BAGII,30-32-03-015,BESIDE AJIBADE,0,0,0,0,1,0,1,1,0,0,0,0,0,
OYO,SAKI WEST,EKOKAN / IMUA,30-32-04-002,"COMMUNITY PRIMARY SCHOOL, SANNI SALA I",0,0,0,0,1,0,1,1,0,0,0,0,0,
OYO,SAKI WEST,EKOKAN / IMUA,30-32-04-013,WASANGARE OJA,0,0,0,0,1,0,1,1,0,0,0,0,0,
OYO,SAKI WEST,IYA,30-32-05-001,N.U.D. SCHOOL SANGO I,0,0,0,0,1,0,1,1,0,0,0,0,0,
OYO,SAKI WEST,IYA,30-32-05-004,N.U.D. SCHOOL SANGO IV,0,0,0,0,1,0,1,1,0,0,0,0,0,
OYO,SAKI WEST,IYA,30-32-05-010,IYA DISPENSARY III,0,0,0,0,1,0,1,1,0,0,0,0,0,
OYO,SAKI WEST,IYA,30-32-05-011,ALARAJE,0,0,0,0,1,0,1,1,0,0,0,0,0,
OYO,SAKI WEST,IYA,30-32-05-018,ONIGBAOJULE JUNCTION,0,0,0,0,1,0,1,1,0,0,0,0,0,
OYO,SAKI WEST,OGIDIGBO/KINNIKINNI,30-32-06-006,"L.A. SCHOOL, ONIKEKE IV",0,0,0,0,1,0,1,1,0,0,0,0,0,
OYO,SAKI WEST,OKE-ORO,30-32-07-008,TABA DISPENSARY II,0,0,0,0,1,0,1,1,0,0,0,0,0,
OYO,SAKI WEST,OKE-ORO,30-32-07-011,"ITA BAALE, OKE-ORO II",0,0,0,0,1,0,1,1,0,0,0,0,0,
OYO,SAKI WEST,OKERE I,30-32-08-002,TOWN HALL II,0,0,0,0,1,0,1,1,0,0,0,0,0,
OYO,SAKI WEST,SEPETERI/BAPON,30-32-11-003,OPPOSITE POLICE STATION I,0,0,0,0,1,0,1,1,0,0,0,0,0,
OYO,SAKI WEST,SEPETERI/BAPON,30-32-11-004,OPPOSITE POLICE STATION II,0,0,0,0,1,0,1,1,0,0,0,0,0,
OYO,SAKI WEST,SEPETERI/BAPON,30-32-11-006,FRONT OF BAPON'S HOUSE,0,0,0,0,1,0,1,1,0,0,0,0,0,
OYO,SAKI WEST,SEPETERI/BAPON,30-32-11-007,ADURONIBIODARA I,0,0,0,0,1,0,1,1,0,0,0,0,0,
OYO,SAKI WEST,SEPETERI/BAPON,30-32-11-009,OLOBA'S COMPOUND I,0,0,0,0,1,0,1,1,0,0,0,0,0,
OYO,SAKI WEST,SEPETERI/BAPON,30-32-11-010,OLOBA'S COMPOUND II,0,0,0,0,1,0,1,1,0,0,0,0,0,
OYO,SAKI WEST,SEPETERI/BAPON,30-32-11-011,FRONT OF OYESADE I,0,0,0,0,1,0,1,1,0,0,0,0,0,
OYO,SAKI WEST,SEPETERI/BAPON,30-32-11-013,FRONT OF OYESADE III,0,0,0,0,1,0,1,1,0,0,0,0,0,
OYO,SAKI WEST,SEPETERI/BAPON,30-32-11-015,AJEUNSINUDEKU II,0,0,0,0,1,0,1,1,0,0,0,0,0,
OYO,SAKI WEST,SEPETERI/BAPON,30-32-11-018,FRONT OF OJASE,0,0,0,0,1,0,1,1,0,0,0,0,0,
OYO,SAKI WEST,SEPETERI/BAPON,30-32-11-019,OGBALANJA,0,0,0,0,1,0,1,1,0,0,0,0,0,
OYO,SAKI WEST,SEPETERI/BAPON,30-32-11-020,ABADAWAKI,0,0,0,0,1,0,1,1,0,0,0,0,0,
OYO,IDO,BATAKE/IDI-IYA,30-14-05-009,OPEN SPACE ISALE OJA,0,0,0,0,1,0,1,1,0,0,0,0,0,
OYO,ISEYIN,EKUNLE I,30-16-03-019,ITA-YANGI,0,0,0,0,1,0,1,1,0,0,0,0,0,
OYO,ISEYIN,EKUNLE I,30-16-03-023,EBEDI MOTOR PARK,0,0,0,0,1,0,1,1,0,0,0,0,0,
OYO,ISEYIN,KOSO I,30-16-09-012,"HAUJA BLK INDUSTRY, JALUMI",0,0,0,0,1,0,1,1,0,0,0,0,0,
OYO,ISEYIN,KOSO I,30-16-09-015,"C &S CHURCH, LATSON AZEEZ CRESCEN",0,0,0,0,1,0,1,1,0,0,0,0,0,
OYO,OGBOMOSO NORTH,ABOGUNDE,30-21-01-013,OPEN SPACE OPPOSITE MOBOLUWADURO,0,0,0,0,1,0,1,1,0,0,0,0,0,
OYO,OGBOMOSO SOUTH,AKATA,30-22-01-019,AYEGUN PRY SCHOOL III,0,0,0,0,1,0,1,1,0,0,0,0,0,
OYO,OGBOMOSO SOUTH,IBAPON,30-22-04-029,OPEN SPACE NEW ESTATE,0,0,0,0,1,0,1,1,0,0,0,0,0,
OYO,OLUYOLE,AYEGUN,30-25-01-015,OKULU,0,0,0,0,1,0,1,1,0,0,0,0,0,
OYO,OLUYOLE,IDI-IROKO/IKEREKU,30-25-02-022,AJINDE/IRE AKARI ESTATE,0,0,0,0,1,0,1,1,0,0,0,0,0,
OYO,OLUYOLE,IDI-IROKO/IKEREKU,30-25-02-026,OPEN SPACE OPPOSITE EN-JOY SCHOOL OFF ASHIPA,0,0,0,0,1,0,1,1,0,0,0,0,0,
OYO,OLUYOLE,IDI-IROKO/IKEREKU,30-25-02-032,OPEN SPACE BEHIND  POLICE CHILDREN SCHOOL,0,0,0,0,1,0,1,1,0,0,0,0,0,
OYO,OLUYOLE,IDI-IROKO/IKEREKU,30-25-02-039,BOLA IMMACULATE,0,0,0,0,1,0,1,1,0,0,0,0,0,
OYO,OLUYOLE,IDI-IROKO/IKEREKU,30-25-02-042,OPEN SPACE OPPPOSITE NURULAHI SHOPPING COMPLEX,0,0,0,0,1,0,1,1,0,0,0,0,0,
OYO,OLUYOLE,IDI-IROKO/IKEREKU,30-25-02-043,IDI-OYA,0,0,0,0,1,0,1,1,0,0,0,0,0,
OYO,OLUYOLE,IDI-IROKO/IKEREKU,30-25-02-044,FIRST AVIANS,0,0,0,0,1,0,1,1,0,0,0,0,0,
OYO,OLUYOLE,IDI-IROKO/IKEREKU,30-25-02-046,BEHIND AJUMOBI NEW GARAGE,0,0,0,0,1,0,1,1,0,0,0,0,0,
OYO,OLUYOLE,IDI-IROKO/IKEREKU,30-25-02-051,OPEN SPACE BESIDE GEORGE DUKE GROUP  OF SCHOOL,0,0,0,0,1,0,1,1,0,0,0,0,0,
OYO,OLUYOLE,ODO-ONA NLA,30-25-05-012,OPEN SPACE BESIDE GUARARD SCHOOL ODO-ONA NLA,0,0,0,0,1,0,1,1,0,0,0,0,0,
OYO,OLUYOLE,OKANHINDE/LATUNDE,30-25-06-009,HEALTH CARE CENTRE LATUNDE,0,0,0,0,1,0,1,1,0,0,0,0,0,
OYO,OLUYOLE,OLOMI/OLURINDE,30-25-07-021,AJIYO OGO OLUWA JUNCTION,0,0,0,0,1,0,1,1,0,0,0,0,0,
OYO,OLUYOLE,OLOMI/OLURINDE,30-25-07-022,ONIBUIKE OLOMI,0,0,0,0,1,0,1,1,0,0,0,0,0,
OYO,OLUYOLE,OLOMI/OLURINDE,30-25-07-023,OPEN SPACE OGBA LAILA,0,0,0,0,1,0,1,1,0,0,0,0,0,
OYO,OLUYOLE,OLOMI/OLURINDE,30-25-07-024,AKURO OLOMI,0,0,0,0,1,0,1,1,0,0,0,0,0,
OYO,OLUYOLE,OLOMI/OLURINDE,30-25-07-034,OPEN SPACE TEMITOPE/FATGBEM,0,0,0,0,1,0,1,1,0,0,0,0,0,
OYO,OLUYOLE,OLOMI/OLURINDE,30-25-07-038,BOLUWAJI,0,0,0,0,1,0,1,1,0,0,0,0,0,
OYO,OLUYOLE,ORISUNBARE/OJO-EKUN,30-25-10-009,OGUNDELE VILLAGE,0,0,0,0,1,0,1,1,0,0,0,0,0,
OYO,OLUYOLE,ORISUNBARE/OJO-EKUN,30-25-10-010,BAMGBEGBIN VILLAGE,0,0,0,0,1,0,1,1,0,0,0,0,0,
OYO,OLUYOLE,ORISUNBARE/OJO-EKUN,30-25-10-011,ORISUNBARE II,0,0,0,0,1,0,1,1,0,0,0,0,0,
OYO,OLUYOLE,ORISUNBARE/OJO-EKUN,30-25-10-013,ABA-IBEJI,0,0,0,0,1,0,1,1,0,0,0,0,0,
OYO,OLUYOLE,ORISUNBARE/OJO-EKUN,30-25-10-015,ST DAVID PRY.IGBONNA ABAOLORISA/ ILUTITUN,0,0,0,0,1,0,1,1,0,0,0,0,0,
OYO,ONA-ARA,OJOKU/AJIA,30-26-08-007,"ST. SAVIOUR SCHOOL DALEGUN, AJIA",0,0,0,0,1,0,1,1,0,0,0,0,0,
OYO,ONA-ARA,OGBERE,30-26-06-014,OPEN SPACE OPPOSITE ALAJAMETA BUS-STOP OREMEJI,0,0,0,0,1,0,1,1,0,0,0,0,0,
OYO,ONA-ARA,OGBERE TIOYA,30-26-07-021,"OYE BLOCK JUNCTION, BESIDE DECENT KEM FILLING STATION",0,0,0,0,1,0,1,1,0,0,0,0,0,
OYO,ONA-ARA,OGBERE TIOYA,30-26-07-024,"OKE OGBERE COMMUNITY HIGH SCHOOL,JEGEDE",0,0,0,0,1,0,1,1,0,0,0,0,0,
OYO,ONA-ARA,OLORUNSOGO,30-26-09-015,COMMUNITY PRIMARY SCHOOL SAWIA,0,0,0,0,1,0,1,1,0,0,0,0,0,
OYO,ONA-ARA,OLORUNSOGO,30-26-09-017,OPEN SPACE IN FRONT OF TRANSFORMER IFELAJULO,0,0,0,0,1,0,1,1,0,0,0,0,0,
OYO,ONA-ARA,OLORUNSOGO,30-26-09-018,"OPEN SPACE, AJUNWON JUNCTION",0,0,0,0,1,0,1,1,0,0,0,0,0,
OYO,ONA-ARA,OLORUNSOGO,30-26-09-019,OPEN SPACE SERIKI MARKET,0,0,0,0,1,0,1,1,0,0,0,0,0,
OYO,OORELOPE,AARE,30-27-02-005,BAPTIST CENTRAL SCHOOL II,0,0,0,0,1,0,1,1,0,0,0,0,0,
OYO,SAKI WEST,AJEGUNLE,30-32-02-031,"BARRACKS PRIMARY HEALTH CENTRE, SAKI",0,0,0,0,1,0,1,1,0,0,0,0,0,
OYO,SAKI WEST,AJEGUNLE,30-32-02-035,FRONT OF SPORTS COUNCIL,0,0,0,0,1,0,1,1,0,0,0,0,0,
OYO,SAKI WEST,EKOKAN / IMUA,30-32-04-016,WASANGARE CORNER,0,0,0,0,1,0,1,1,0,0,0,0,0,
OYO,SAKI WEST,OKE-ORO,30-32-07-015,(OPEN SPACE) OPP. BAPTIST MEDICAL CENTRE,0,0,0,0,1,0,1,1,0,0,0,0,0,
OYO,SAKI WEST,SEPETERI/BAPON,30-32-11-021,"ISALE EFII, MATERNITY CENTRE",0,0,0,0,1,0,1,1,0,0,0,0,0,
